0	0	tic --> toc	tictocMsg	1	0
#2	1	tic --> toc	tictocMsg	3	0
#4	2	tic --> toc	tictocMsg	5	0
#6	3	tic --> toc	tictocMsg	7	0
#8	4	tic --> toc	tictocMsg	9	0
#10	5	tic --> toc	tictocMsg	11	0
#12	6	tic --> toc	tictocMsg	13	0
#14	7	tic --> toc	tictocMsg	15	0
#16	8	tic --> toc	tictocMsg	17	0
#18	9	tic --> toc	tictocMsg	19	0
#20	10	tic --> toc	tictocMsg	21	0
#22	11	tic --> toc	tictocMsg	23	0
#24	12	tic --> toc	tictocMsg	25	0
#26	13	tic --> toc	tictocMsg	27	0
#28	14	tic --> toc	tictocMsg	29	0
#30	15	tic --> toc	tictocMsg	31	0
#32	16	tic --> toc	tictocMsg	33	0
#34	17	tic --> toc	tictocMsg	35	0
#36	18	tic --> toc	tictocMsg	37	0
#38	19	tic --> toc	tictocMsg	39	0
#40	20	tic --> toc	tictocMsg	41	0
#42	21	tic --> toc	tictocMsg	43	0
#44	22	tic --> toc	tictocMsg	45	0
#46	23	tic --> toc	tictocMsg	47	0
#48	24	tic --> toc	tictocMsg	49	0
#50	25	tic --> toc	tictocMsg	51	0
#52	26	tic --> toc	tictocMsg	53	0
#54	27	tic --> toc	tictocMsg	55	0
#56	28	tic --> toc	tictocMsg	57	0
#58	29	tic --> toc	tictocMsg	59	0
#60	30	tic --> toc	tictocMsg	61	0
#62	31	tic --> toc	tictocMsg	63	0
#64	32	tic --> toc	tictocMsg	65	0
#66	33	tic --> toc	tictocMsg	67	0
#68	34	tic --> toc	tictocMsg	69	0
#70	35	tic --> toc	tictocMsg	71	0
#72	36	tic --> toc	tictocMsg	73	0
#74	37	tic --> toc	tictocMsg	75	0
#76	38	tic --> toc	tictocMsg	77	0
#78	39	tic --> toc	tictocMsg	79	0
#80	40	tic --> toc	tictocMsg	81	0
#82	41	tic --> toc	tictocMsg	83	0
#84	42	tic --> toc	tictocMsg	85	0
#86	43	tic --> toc	tictocMsg	87	0
#88	44	tic --> toc	tictocMsg	89	0
#90	45	tic --> toc	tictocMsg	91	0
#92	46	tic --> toc	tictocMsg	93	0
#94	47	tic --> toc	tictocMsg	95	0
#96	48	tic --> toc	tictocMsg	97	0
#98	49	tic --> toc	tictocMsg	99	0
#100	50	tic --> toc	tictocMsg	101	0
#102	51	tic --> toc	tictocMsg	103	0
#104	52	tic --> toc	tictocMsg	105	0
#106	53	tic --> toc	tictocMsg	107	0
#108	54	tic --> toc	tictocMsg	109	0
#110	55	tic --> toc	tictocMsg	111	0
#112	56	tic --> toc	tictocMsg	113	0
#114	57	tic --> toc	tictocMsg	115	0
#116	58	tic --> toc	tictocMsg	117	0
#118	59	tic --> toc	tictocMsg	119	0
#120	60	tic --> toc	tictocMsg	121	0
#122	61	tic --> toc	tictocMsg	123	0
#124	62	tic --> toc	tictocMsg	125	0
#126	63	tic --> toc	tictocMsg	127	0
#128	64	tic --> toc	tictocMsg	129	0
#130	65	tic --> toc	tictocMsg	131	0
#132	66	tic --> toc	tictocMsg	133	0
#134	67	tic --> toc	tictocMsg	135	0
#136	68	tic --> toc	tictocMsg	137	0
#138	69	tic --> toc	tictocMsg	139	0
#140	70	tic --> toc	tictocMsg	141	0
#142	71	tic --> toc	tictocMsg	143	0
#144	72	tic --> toc	tictocMsg	145	0
#146	73	tic --> toc	tictocMsg	147	0
#148	74	tic --> toc	tictocMsg	149	0
#150	75	tic --> toc	tictocMsg	151	0
#152	76	tic --> toc	tictocMsg	153	0
#154	77	tic --> toc	tictocMsg	155	0
#156	78	tic --> toc	tictocMsg	157	0
#158	79	tic --> toc	tictocMsg	159	0
#160	80	tic --> toc	tictocMsg	161	0
#162	81	tic --> toc	tictocMsg	163	0
#164	82	tic --> toc	tictocMsg	165	0
#166	83	tic --> toc	tictocMsg	167	0
#168	84	tic --> toc	tictocMsg	169	0
#170	85	tic --> toc	tictocMsg	171	0
#172	86	tic --> toc	tictocMsg	173	0
#174	87	tic --> toc	tictocMsg	175	0
#176	88	tic --> toc	tictocMsg	177	0
#178	89	tic --> toc	tictocMsg	179	0
#180	90	tic --> toc	tictocMsg	181	0
#182	91	tic --> toc	tictocMsg	183	0
#184	92	tic --> toc	tictocMsg	185	0
#186	93	tic --> toc	tictocMsg	187	0
#188	94	tic --> toc	tictocMsg	189	0
#190	95	tic --> toc	tictocMsg	191	0
#192	96	tic --> toc	tictocMsg	193	0
#194	97	tic --> toc	tictocMsg	195	0
#196	98	tic --> toc	tictocMsg	197	0
#198	99	tic --> toc	tictocMsg	199	0
#200	100	tic --> toc	tictocMsg	201	0
#202	101	tic --> toc	tictocMsg	203	0
#204	102	tic --> toc	tictocMsg	205	0
#206	103	tic --> toc	tictocMsg	207	0
#208	104	tic --> toc	tictocMsg	209	0
#210	105	tic --> toc	tictocMsg	211	0
#212	106	tic --> toc	tictocMsg	213	0
#214	107	tic --> toc	tictocMsg	215	0
#216	108	tic --> toc	tictocMsg	217	0
#218	109	tic --> toc	tictocMsg	219	0
#220	110	tic --> toc	tictocMsg	221	0
#222	111	tic --> toc	tictocMsg	223	0
#224	112	tic --> toc	tictocMsg	225	0
#226	113	tic --> toc	tictocMsg	227	0
#228	114	tic --> toc	tictocMsg	229	0
#230	115	tic --> toc	tictocMsg	231	0
#232	116	tic --> toc	tictocMsg	233	0
#234	117	tic --> toc	tictocMsg	235	0
#236	118	tic --> toc	tictocMsg	237	0
#238	119	tic --> toc	tictocMsg	239	0
#240	120	tic --> toc	tictocMsg	241	0
#242	121	tic --> toc	tictocMsg	243	0
#244	122	tic --> toc	tictocMsg	245	0
#246	123	tic --> toc	tictocMsg	247	0
#248	124	tic --> toc	tictocMsg	249	0
#250	125	tic --> toc	tictocMsg	251	0
#252	126	tic --> toc	tictocMsg	253	0
#254	127	tic --> toc	tictocMsg	255	0
#256	128	tic --> toc	tictocMsg	257	0
#258	129	tic --> toc	tictocMsg	259	0
#260	130	tic --> toc	tictocMsg	261	0
#262	131	tic --> toc	tictocMsg	263	0
#264	132	tic --> toc	tictocMsg	265	0
#266	133	tic --> toc	tictocMsg	267	0
#268	134	tic --> toc	tictocMsg	269	0
#270	135	tic --> toc	tictocMsg	271	0
#272	136	tic --> toc	tictocMsg	273	0
#274	137	tic --> toc	tictocMsg	275	0
#276	138	tic --> toc	tictocMsg	277	0
#278	139	tic --> toc	tictocMsg	279	0
#280	140	tic --> toc	tictocMsg	281	0
#282	141	tic --> toc	tictocMsg	283	0
#284	142	tic --> toc	tictocMsg	285	0
#286	143	tic --> toc	tictocMsg	287	0
#288	144	tic --> toc	tictocMsg	289	0
#290	145	tic --> toc	tictocMsg	291	0
#292	146	tic --> toc	tictocMsg	293	0
#294	147	tic --> toc	tictocMsg	295	0
#296	148	tic --> toc	tictocMsg	297	0
#298	149	tic --> toc	tictocMsg	299	0
#300	150	tic --> toc	tictocMsg	301	0
#302	151	tic --> toc	tictocMsg	303	0
#304	152	tic --> toc	tictocMsg	305	0
#306	153	tic --> toc	tictocMsg	307	0
#308	154	tic --> toc	tictocMsg	309	0
#310	155	tic --> toc	tictocMsg	311	0
#312	156	tic --> toc	tictocMsg	313	0
#314	157	tic --> toc	tictocMsg	315	0
#316	158	tic --> toc	tictocMsg	317	0
#318	159	tic --> toc	tictocMsg	319	0
#320	160	tic --> toc	tictocMsg	321	0
#322	161	tic --> toc	tictocMsg	323	0
#324	162	tic --> toc	tictocMsg	325	0
#326	163	tic --> toc	tictocMsg	327	0
#328	164	tic --> toc	tictocMsg	329	0
#330	165	tic --> toc	tictocMsg	331	0
#332	166	tic --> toc	tictocMsg	333	0
#334	167	tic --> toc	tictocMsg	335	0
#336	168	tic --> toc	tictocMsg	337	0
#338	169	tic --> toc	tictocMsg	339	0
#340	170	tic --> toc	tictocMsg	341	0
#342	171	tic --> toc	tictocMsg	343	0
#344	172	tic --> toc	tictocMsg	345	0
#346	173	tic --> toc	tictocMsg	347	0
#348	174	tic --> toc	tictocMsg	349	0
#350	175	tic --> toc	tictocMsg	351	0
#352	176	tic --> toc	tictocMsg	353	0
#354	177	tic --> toc	tictocMsg	355	0
#356	178	tic --> toc	tictocMsg	357	0
#358	179	tic --> toc	tictocMsg	359	0
#360	180	tic --> toc	tictocMsg	361	0
#362	181	tic --> toc	tictocMsg	363	0
#364	182	tic --> toc	tictocMsg	365	0
#366	183	tic --> toc	tictocMsg	367	0
#368	184	tic --> toc	tictocMsg	369	0
#370	185	tic --> toc	tictocMsg	371	0
#372	186	tic --> toc	tictocMsg	373	0
#374	187	tic --> toc	tictocMsg	375	0
#376	188	tic --> toc	tictocMsg	377	0
#378	189	tic --> toc	tictocMsg	379	0
#380	190	tic --> toc	tictocMsg	381	0
#382	191	tic --> toc	tictocMsg	383	0
#384	192	tic --> toc	tictocMsg	385	0
#386	193	tic --> toc	tictocMsg	387	0
#388	194	tic --> toc	tictocMsg	389	0
#390	195	tic --> toc	tictocMsg	391	0
#392	196	tic --> toc	tictocMsg	393	0
#394	197	tic --> toc	tictocMsg	395	0
#396	198	tic --> toc	tictocMsg	397	0
#398	199	tic --> toc	tictocMsg	399	0
#400	200	tic --> toc	tictocMsg	401	0
#402	201	tic --> toc	tictocMsg	403	0
#404	202	tic --> toc	tictocMsg	405	0
#406	203	tic --> toc	tictocMsg	407	0
#408	204	tic --> toc	tictocMsg	409	0
#410	205	tic --> toc	tictocMsg	411	0
#412	206	tic --> toc	tictocMsg	413	0
#414	207	tic --> toc	tictocMsg	415	0
#416	208	tic --> toc	tictocMsg	417	0
#418	209	tic --> toc	tictocMsg	419	0
#420	210	tic --> toc	tictocMsg	421	0
#422	211	tic --> toc	tictocMsg	423	0
#424	212	tic --> toc	tictocMsg	425	0
#426	213	tic --> toc	tictocMsg	427	0
#428	214	tic --> toc	tictocMsg	429	0
#430	215	tic --> toc	tictocMsg	431	0
#432	216	tic --> toc	tictocMsg	433	0
#434	217	tic --> toc	tictocMsg	435	0
#436	218	tic --> toc	tictocMsg	437	0
#438	219	tic --> toc	tictocMsg	439	0
#440	220	tic --> toc	tictocMsg	441	0
#442	221	tic --> toc	tictocMsg	443	0
#444	222	tic --> toc	tictocMsg	445	0
#446	223	tic --> toc	tictocMsg	447	0
#448	224	tic --> toc	tictocMsg	449	0
#450	225	tic --> toc	tictocMsg	451	0
#452	226	tic --> toc	tictocMsg	453	0
#454	227	tic --> toc	tictocMsg	455	0
#456	228	tic --> toc	tictocMsg	457	0
#458	229	tic --> toc	tictocMsg	459	0
#460	230	tic --> toc	tictocMsg	461	0
#462	231	tic --> toc	tictocMsg	463	0
#464	232	tic --> toc	tictocMsg	465	0
#466	233	tic --> toc	tictocMsg	467	0
#468	234	tic --> toc	tictocMsg	469	0
#470	235	tic --> toc	tictocMsg	471	0
#472	236	tic --> toc	tictocMsg	473	0
#474	237	tic --> toc	tictocMsg	475	0
#476	238	tic --> toc	tictocMsg	477	0
#478	239	tic --> toc	tictocMsg	479	0
#480	240	tic --> toc	tictocMsg	481	0
#482	241	tic --> toc	tictocMsg	483	0
#484	242	tic --> toc	tictocMsg	485	0
#486	243	tic --> toc	tictocMsg	487	0
#488	244	tic --> toc	tictocMsg	489	0
#490	245	tic --> toc	tictocMsg	491	0
#492	246	tic --> toc	tictocMsg	493	0
#494	247	tic --> toc	tictocMsg	495	0
#496	248	tic --> toc	tictocMsg	497	0
#498	249	tic --> toc	tictocMsg	499	0
#500	250	tic --> toc	tictocMsg	501	0
#502	251	tic --> toc	tictocMsg	503	0
#504	252	tic --> toc	tictocMsg	505	0
#506	253	tic --> toc	tictocMsg	507	0
#508	254	tic --> toc	tictocMsg	509	0
#510	255	tic --> toc	tictocMsg	511	0
#512	256	tic --> toc	tictocMsg	513	0
#514	257	tic --> toc	tictocMsg	515	0
#516	258	tic --> toc	tictocMsg	517	0
#518	259	tic --> toc	tictocMsg	519	0
#520	260	tic --> toc	tictocMsg	521	0
#522	261	tic --> toc	tictocMsg	523	0
#524	262	tic --> toc	tictocMsg	525	0
#526	263	tic --> toc	tictocMsg	527	0
#528	264	tic --> toc	tictocMsg	529	0
#530	265	tic --> toc	tictocMsg	531	0
#532	266	tic --> toc	tictocMsg	533	0
#534	267	tic --> toc	tictocMsg	535	0
#536	268	tic --> toc	tictocMsg	537	0
#538	269	tic --> toc	tictocMsg	539	0
#540	270	tic --> toc	tictocMsg	541	0
#542	271	tic --> toc	tictocMsg	543	0
#544	272	tic --> toc	tictocMsg	545	0
#546	273	tic --> toc	tictocMsg	547	0
#548	274	tic --> toc	tictocMsg	549	0
#550	275	tic --> toc	tictocMsg	551	0
#552	276	tic --> toc	tictocMsg	553	0
#554	277	tic --> toc	tictocMsg	555	0
#556	278	tic --> toc	tictocMsg	557	0
#558	279	tic --> toc	tictocMsg	559	0
#560	280	tic --> toc	tictocMsg	561	0
#562	281	tic --> toc	tictocMsg	563	0
#564	282	tic --> toc	tictocMsg	565	0
#566	283	tic --> toc	tictocMsg	567	0
#568	284	tic --> toc	tictocMsg	569	0
#570	285	tic --> toc	tictocMsg	571	0
#572	286	tic --> toc	tictocMsg	573	0
#574	287	tic --> toc	tictocMsg	575	0
#576	288	tic --> toc	tictocMsg	577	0
#578	289	tic --> toc	tictocMsg	579	0
#580	290	tic --> toc	tictocMsg	581	0
#582	291	tic --> toc	tictocMsg	583	0
#584	292	tic --> toc	tictocMsg	585	0
#586	293	tic --> toc	tictocMsg	587	0
#588	294	tic --> toc	tictocMsg	589	0
#590	295	tic --> toc	tictocMsg	591	0
#592	296	tic --> toc	tictocMsg	593	0
#594	297	tic --> toc	tictocMsg	595	0
#596	298	tic --> toc	tictocMsg	597	0
#598	299	tic --> toc	tictocMsg	599	0
#600	300	tic --> toc	tictocMsg	601	0
